{
    "directory": [
        {
            "name" : "uploads/lesson_files/videos"
        },
        {
            "name" : "application/views/email"
        }
    ],
    "sql_file": "",
    "files": [
      {
          "root_directory"    : "update/update_4.0/application/controllers/Admin.php",
          "update_directory"  : "application/controllers/Admin.php"
      },
      {
          "root_directory"    : "update/update_4.0/application/controllers/Home.php",
          "update_directory"  : "application/controllers/Home.php"
      },
      {
          "root_directory"    : "update/update_4.0/application/controllers/Login.php",
          "update_directory"  : "application/controllers/Login.php"
      },
      {
          "root_directory"    : "update/update_4.0/application/controllers/User.php",
          "update_directory"  : "application/controllers/User.php"
      },
      {
          "root_directory"    : "update/update_4.0/application/helpers/multi_language_helper.php",
          "update_directory"  : "application/helpers/multi_language_helper.php"
      },
      {
          "root_directory"    : "update/update_4.0/application/helpers/common_helper.php",
          "update_directory"  : "application/helpers/common_helper.php"
      },
      {
          "root_directory"    : "update/update_4.0/application/models/Addon_model.php",
          "update_directory"  : "application/models/Addon_model.php"
      },
      {
          "root_directory"    : "update/update_4.0/application/models/Crud_model.php",
          "update_directory"  : "application/models/Crud_model.php"
      },
      {
          "root_directory"    : "update/update_4.0/application/models/Email_model.php",
          "update_directory"  : "application/models/Email_model.php"
      },
      {
          "root_directory"    : "update/update_4.0/application/models/User_model.php",
          "update_directory"  : "application/models/User_model.php"
      },
      {
          "root_directory"    : "update/update_4.0/application/models/Video_model.php",
          "update_directory"  : "application/models/Video_model.php"
      },
      {
          "root_directory"    : "update/update_4.0/application/views/backend/admin/addon_add.php",
          "update_directory"  : "application/views/backend/admin/addon_add.php"
      },
      {
          "root_directory"    : "update/update_4.0/application/views/backend/admin/admin_revenue.php",
          "update_directory"  : "application/views/backend/admin/admin_revenue.php"
      },
      {
          "root_directory"    : "update/update_4.0/application/views/backend/admin/course_add.php",
          "update_directory"  : "application/views/backend/admin/course_add.php"
      },
      {
          "root_directory"    : "update/update_4.0/application/views/backend/admin/course_edit.php",
          "update_directory"  : "application/views/backend/admin/course_edit.php"
      },
      {
          "root_directory"    : "update/update_4.0/application/views/backend/admin/courses-server-side.php",
          "update_directory"  : "application/views/backend/admin/courses-server-side.php"
      },
      {
          "root_directory"    : "update/update_4.0/application/views/backend/admin/courses.php",
          "update_directory"  : "application/views/backend/admin/courses.php"
      },
      {
          "root_directory"    : "update/update_4.0/application/views/backend/admin/curriculum.php",
          "update_directory"  : "application/views/backend/admin/curriculum.php"
      },
      {
          "root_directory"    : "update/update_4.0/application/views/backend/admin/dashboard.php",
          "update_directory"  : "application/views/backend/admin/dashboard.php"
      },
      {
          "root_directory"    : "update/update_4.0/application/views/backend/admin/enrol_history.php",
          "update_directory"  : "application/views/backend/admin/enrol_history.php"
      },
      {
          "root_directory"    : "update/update_4.0/application/views/backend/admin/instructor_revenue.php",
          "update_directory"  : "application/views/backend/admin/instructor_revenue.php"
      },
      {
          "root_directory"    : "update/update_4.0/application/views/backend/admin/instructor_settings.php",
          "update_directory"  : "application/views/backend/admin/instructor_settings.php"
      },
      {
          "root_directory"    : "update/update_4.0/application/views/backend/admin/instructors.php",
          "update_directory"  : "application/views/backend/admin/instructors.php"
      },
      {
          "root_directory"    : "update/update_4.0/application/views/backend/admin/invoice.php",
          "update_directory"  : "application/views/backend/admin/invoice.php"
      },
      {
          "root_directory"    : "update/update_4.0/application/views/backend/admin/lesson_add.php",
          "update_directory"  : "application/views/backend/admin/lesson_add.php"
      },
      {
          "root_directory"    : "update/update_4.0/application/views/backend/admin/lesson_edit.php",
          "update_directory"  : "application/views/backend/admin/lesson_edit.php"
      },
      {
          "root_directory"    : "update/update_4.0/application/views/backend/admin/manage_language.php",
          "update_directory"  : "application/views/backend/admin/manage_language.php"
      },
      {
          "root_directory"    : "update/update_4.0/application/views/backend/admin/manage_profile.php",
          "update_directory"  : "application/views/backend/admin/manage_profile.php"
      },
      {
          "root_directory"    : "update/update_4.0/application/views/backend/admin/navigation.php",
          "update_directory"  : "application/views/backend/admin/navigation.php"
      },
      {
          "root_directory"    : "update/update_4.0/application/views/backend/admin/paypal_checkout_for_instructor_revenue.php",
          "update_directory"  : "application/views/backend/admin/paypal_checkout_for_instructor_revenue.php"
      },
      {
          "root_directory"    : "update/update_4.0/application/views/backend/admin/stripe_checkout_for_instructor_revenue.php",
          "update_directory"  : "application/views/backend/admin/stripe_checkout_for_instructor_revenue.php"
      },
      {
          "root_directory"    : "update/update_4.0/application/views/backend/admin/users.php",
          "update_directory"  : "application/views/backend/admin/users.php"
      },
      {
          "root_directory"    : "update/update_4.0/application/views/backend/includes_bottom.php",
          "update_directory"  : "application/views/backend/includes_bottom.php"
      },
      {
          "root_directory"    : "update/update_4.0/application/views/backend/modal.php",
          "update_directory"  : "application/views/backend/modal.php"
      },
      {
          "root_directory"    : "update/update_4.0/application/views/backend/user/course_add.php",
          "update_directory"  : "application/views/backend/user/course_add.php"
      },
      {
          "root_directory"    : "update/update_4.0/application/views/backend/user/course_edit.php",
          "update_directory"  : "application/views/backend/user/course_edit.php"
      },
      {
          "root_directory"    : "update/update_4.0/application/views/backend/user/courses-server-side.php",
          "update_directory"  : "application/views/backend/user/courses-server-side.php"
      },
      {
          "root_directory"    : "update/update_4.0/application/views/backend/user/courses.php",
          "update_directory"  : "application/views/backend/user/courses.php"
      },
      {
          "root_directory"    : "update/update_4.0/application/views/backend/user/curriculum.php",
          "update_directory"  : "application/views/backend/user/curriculum.php"
      },
      {
          "root_directory"    : "update/update_4.0/application/views/backend/user/instructor_revenue.php",
          "update_directory"  : "application/views/backend/user/instructor_revenue.php"
      },
      {
          "root_directory"    : "update/update_4.0/application/views/backend/user/lesson_add.php",
          "update_directory"  : "application/views/backend/user/lesson_add.php"
      },
      {
          "root_directory"    : "update/update_4.0/application/views/backend/user/lesson_edit.php",
          "update_directory"  : "application/views/backend/user/lesson_edit.php"
      },
      {
          "root_directory"    : "update/update_4.0/application/views/backend/user/navigation.php",
          "update_directory"  : "application/views/backend/user/navigation.php"
      },
      {
          "root_directory"    : "update/update_4.0/application/views/backend/user/payment_settings.php",
          "update_directory"  : "application/views/backend/user/payment_settings.php"
      },
      {
          "root_directory"    : "update/update_4.0/application/views/frontend/default/404.php",
          "update_directory"  : "application/views/frontend/default/404.php"
      },
      {
          "root_directory"    : "update/update_4.0/application/views/frontend/default/active_courses.php",
          "update_directory"  : "application/views/frontend/default/active_courses.php"
      },
      {
          "root_directory"    : "update/update_4.0/application/views/frontend/default/all_category_page.php",
          "update_directory"  : "application/views/frontend/default/all_category_page.php"
      },
      {
          "root_directory"    : "update/update_4.0/application/views/frontend/default/cart_items.php",
          "update_directory"  : "application/views/frontend/default/cart_items.php"
      },
      {
          "root_directory"    : "update/update_4.0/application/views/frontend/default/category_wise_course_grid_layout.php",
          "update_directory"  : "application/views/frontend/default/category_wise_course_grid_layout.php"
      },
      {
          "root_directory"    : "update/update_4.0/application/views/frontend/default/category_wise_course_list_layout.php",
          "update_directory"  : "application/views/frontend/default/category_wise_course_list_layout.php"
      },
      {
          "root_directory"    : "update/update_4.0/application/views/frontend/default/course_page.php",
          "update_directory"  : "application/views/frontend/default/course_page.php"
      },
      {
          "root_directory"    : "update/update_4.0/application/views/frontend/default/course_search_page.php",
          "update_directory"  : "application/views/frontend/default/course_search_page.php"
      },
      {
          "root_directory"    : "update/update_4.0/application/views/frontend/default/courses_page.php",
          "update_directory"  : "application/views/frontend/default/courses_page.php"
      },
      {
          "root_directory"    : "update/update_4.0/application/views/frontend/default/create_course.php",
          "update_directory"  : "application/views/frontend/default/create_course.php"
      },
      {
          "root_directory"    : "update/update_4.0/application/views/frontend/default/draft_courses.php",
          "update_directory"  : "application/views/frontend/default/draft_courses.php"
      },
      {
          "root_directory"    : "update/update_4.0/application/views/frontend/default/edit_course.php",
          "update_directory"  : "application/views/frontend/default/edit_course.php"
      },
      {
          "root_directory"    : "update/update_4.0/application/views/frontend/default/eu-cookie.php",
          "update_directory"  : "application/views/frontend/default/eu-cookie.php"
      },
      {
          "root_directory"    : "update/update_4.0/application/views/frontend/default/footer.php",
          "update_directory"  : "application/views/frontend/default/footer.php"
      },
      {
          "root_directory"    : "update/update_4.0/application/views/frontend/default/home.php",
          "update_directory"  : "application/views/frontend/default/home.php"
      },
      {
          "root_directory"    : "update/update_4.0/application/views/frontend/default/inner_messages.php",
          "update_directory"  : "application/views/frontend/default/inner_messages.php"
      },
      {
          "root_directory"    : "update/update_4.0/application/views/frontend/default/instructor_dashboard.php",
          "update_directory"  : "application/views/frontend/default/instructor_dashboard.php"
      },
      {
          "root_directory"    : "update/update_4.0/application/views/frontend/default/instructor_items.php",
          "update_directory"  : "application/views/frontend/default/instructor_items.php"
      },
      {
          "root_directory"    : "update/update_4.0/application/views/frontend/default/instructor_page.php",
          "update_directory"  : "application/views/frontend/default/instructor_page.php"
      },
      {
          "root_directory"    : "update/update_4.0/application/views/frontend/default/invoice.php",
          "update_directory"  : "application/views/frontend/default/invoice.php"
      },
      {
          "root_directory"    : "update/update_4.0/application/views/frontend/default/lesson_edit.php",
          "update_directory"  : "application/views/frontend/default/lesson_edit.php"
      },
      {
          "root_directory"    : "update/update_4.0/application/views/frontend/default/lessons.php",
          "update_directory"  : "application/views/frontend/default/lessons.php"
      },
      {
          "root_directory"    : "update/update_4.0/application/views/frontend/default/logged_in_header.php",
          "update_directory"  : "application/views/frontend/default/logged_in_header.php"
      },
      {
          "root_directory"    : "update/update_4.0/application/views/frontend/default/logged_out_header.php",
          "update_directory"  : "application/views/frontend/default/logged_out_header.php"
      },
      {
          "root_directory"    : "update/update_4.0/application/views/frontend/default/login.php",
          "update_directory"  : "application/views/frontend/default/login.php"
      },
      {
          "root_directory"    : "update/update_4.0/application/views/frontend/default/manage_course_details.php",
          "update_directory"  : "application/views/frontend/default/manage_course_details.php"
      },
      {
          "root_directory"    : "update/update_4.0/application/views/frontend/default/manage_lesson.php",
          "update_directory"  : "application/views/frontend/default/manage_lesson.php"
      },
      {
          "root_directory"    : "update/update_4.0/application/views/frontend/default/manage_section.php",
          "update_directory"  : "application/views/frontend/default/manage_section.php"
      },
      {
          "root_directory"    : "update/update_4.0/application/views/frontend/default/menu.php",
          "update_directory"  : "application/views/frontend/default/menu.php"
      },
      {
          "root_directory"    : "update/update_4.0/application/views/frontend/default/modal.php",
          "update_directory"  : "application/views/frontend/default/modal.php"
      },
      {
          "root_directory"    : "update/update_4.0/application/views/frontend/default/my_courses.php",
          "update_directory"  : "application/views/frontend/default/my_courses.php"
      },
      {
          "root_directory"    : "update/update_4.0/application/views/frontend/default/my_messages.php",
          "update_directory"  : "application/views/frontend/default/my_messages.php"
      },
      {
          "root_directory"    : "update/update_4.0/application/views/frontend/default/my_wishlist.php",
          "update_directory"  : "application/views/frontend/default/my_wishlist.php"
      },
      {
          "root_directory"    : "update/update_4.0/application/views/frontend/default/old-quiz-question.php",
          "update_directory"  : "application/views/frontend/default/old-quiz-question.php"
      },
      {
          "root_directory"    : "update/update_4.0/application/views/frontend/default/payment_report.php",
          "update_directory"  : "application/views/frontend/default/payment_report.php"
      },
      {
          "root_directory"    : "update/update_4.0/application/views/frontend/default/payment_settings.php",
          "update_directory"  : "application/views/frontend/default/payment_settings.php"
      },
      {
          "root_directory"    : "update/update_4.0/application/views/frontend/default/paypal_checkout.php",
          "update_directory"  : "application/views/frontend/default/paypal_checkout.php"
      },
      {
          "root_directory"    : "update/update_4.0/application/views/frontend/default/pending_courses.php",
          "update_directory"  : "application/views/frontend/default/pending_courses.php"
      },
      {
          "root_directory"    : "update/update_4.0/application/views/frontend/default/purchase_history.php",
          "update_directory"  : "application/views/frontend/default/purchase_history.php"
      },
      {
          "root_directory"    : "update/update_4.0/application/views/frontend/default/reload_my_courses.php",
          "update_directory"  : "application/views/frontend/default/reload_my_courses.php"
      },
      {
          "root_directory"    : "update/update_4.0/application/views/frontend/default/reload_my_wishlists.php",
          "update_directory"  : "application/views/frontend/default/reload_my_wishlists.php"
      },
      {
          "root_directory"    : "update/update_4.0/application/views/frontend/default/reload_section.php",
          "update_directory"  : "application/views/frontend/default/reload_section.php"
      },
      {
          "root_directory"    : "update/update_4.0/application/views/frontend/default/shopping_cart.php",
          "update_directory"  : "application/views/frontend/default/shopping_cart.php"
      },
      {
          "root_directory"    : "update/update_4.0/application/views/frontend/default/shopping_cart_inner_view.php",
          "update_directory"  : "application/views/frontend/default/shopping_cart_inner_view.php"
      },
      {
          "root_directory"    : "update/update_4.0/application/views/frontend/default/sign_up.php",
          "update_directory"  : "application/views/frontend/default/sign_up.php"
      },
      {
          "root_directory"    : "update/update_4.0/application/views/frontend/default/stripe_checkout.php",
          "update_directory"  : "application/views/frontend/default/stripe_checkout.php"
      },
      {
          "root_directory"    : "update/update_4.0/application/views/frontend/default/update_user_photo.php",
          "update_directory"  : "application/views/frontend/default/update_user_photo.php"
      },
      {
          "root_directory"    : "update/update_4.0/application/views/frontend/default/user_credentials.php",
          "update_directory"  : "application/views/frontend/default/user_credentials.php"
      },
      {
          "root_directory"    : "update/update_4.0/application/views/frontend/default/user_profile.php",
          "update_directory"  : "application/views/frontend/default/user_profile.php"
      },
      {
          "root_directory"    : "update/update_4.0/application/views/frontend/default/wishlist_items.php",
          "update_directory"  : "application/views/frontend/default/wishlist_items.php"
      },
      {
          "root_directory"    : "update/update_4.0/application/views/lessons/course_content_body.php",
          "update_directory"  : "application/views/lessons/course_content_body.php"
      },
      {
          "root_directory"    : "update/update_4.0/application/views/lessons/course_content_sidebar.php",
          "update_directory"  : "application/views/lessons/course_content_sidebar.php"
      },
      {
          "root_directory"    : "update/update_4.0/application/views/payment/payment_gateway.php",
          "update_directory"  : "application/views/payment/payment_gateway.php"
      },
      {
          "root_directory"    : "update/update_4.0/application/views/backend/admin/application_details.php",
          "update_directory"  : "application/views/backend/admin/application_details.php"
      },
      {
          "root_directory"    : "update/update_4.0/application/views/backend/admin/application_list.php",
          "update_directory"  : "application/views/backend/admin/application_list.php"
      },
      {
          "root_directory"    : "update/update_4.0/application/views/backend/admin/document_type_lesson_add.php",
          "update_directory"  : "application/views/backend/admin/document_type_lesson_add.php"
      },
      {
          "root_directory"    : "update/update_4.0/application/views/backend/admin/document_type_lesson_edit.php",
          "update_directory"  : "application/views/backend/admin/document_type_lesson_edit.php"
      },
      {
          "root_directory"    : "update/update_4.0/application/views/backend/admin/html5_type_lesson_add.php",
          "update_directory"  : "application/views/backend/admin/html5_type_lesson_add.php"
      },
      {
          "root_directory"    : "update/update_4.0/application/views/backend/admin/html5_type_lesson_edit.php",
          "update_directory"  : "application/views/backend/admin/html5_type_lesson_edit.php"
      },
      {
          "root_directory"    : "update/update_4.0/application/views/backend/admin/iframe_type_lesson_add.php",
          "update_directory"  : "application/views/backend/admin/iframe_type_lesson_add.php"
      },
      {
          "root_directory"    : "update/update_4.0/application/views/backend/admin/iframe_type_lesson_edit.php",
          "update_directory"  : "application/views/backend/admin/iframe_type_lesson_edit.php"
      },
      {
          "root_directory"    : "update/update_4.0/application/views/backend/admin/image_type_lesson_add.php",
          "update_directory"  : "application/views/backend/admin/image_type_lesson_add.php"
      },
      {
          "root_directory"    : "update/update_4.0/application/views/backend/admin/image_type_lesson_edit.php",
          "update_directory"  : "application/views/backend/admin/image_type_lesson_edit.php"
      },
      {
          "root_directory"    : "update/update_4.0/application/views/backend/admin/instructor_add.php",
          "update_directory"  : "application/views/backend/admin/instructor_add.php"
      },
      {
          "root_directory"    : "update/update_4.0/application/views/backend/admin/instructor_payout.php",
          "update_directory"  : "application/views/backend/admin/instructor_payout.php"
      },
      {
          "root_directory"    : "update/update_4.0/application/views/backend/admin/lesson_types.php",
          "update_directory"  : "application/views/backend/admin/lesson_types.php"
      },
      {
          "root_directory"    : "update/update_4.0/application/views/backend/admin/video_type_lesson_add.php",
          "update_directory"  : "application/views/backend/admin/video_type_lesson_add.php"
      },
      {
          "root_directory"    : "update/update_4.0/application/views/backend/admin/video_type_lesson_edit.php",
          "update_directory"  : "application/views/backend/admin/video_type_lesson_edit.php"
      },
      {
          "root_directory"    : "update/update_4.0/application/views/backend/admin/vimeo_type_lesson_add.php",
          "update_directory"  : "application/views/backend/admin/vimeo_type_lesson_add.php"
      },
      {
          "root_directory"    : "update/update_4.0/application/views/backend/admin/vimeo_type_lesson_edit.php",
          "update_directory"  : "application/views/backend/admin/vimeo_type_lesson_edit.php"
      },
      {
          "root_directory"    : "update/update_4.0/application/views/backend/admin/youtube_type_lesson_add.php",
          "update_directory"  : "application/views/backend/admin/youtube_type_lesson_add.php"
      },
      {
          "root_directory"    : "update/update_4.0/application/views/backend/admin/youtube_type_lesson_edit.php",
          "update_directory"  : "application/views/backend/admin/youtube_type_lesson_edit.php"
      },
      {
          "root_directory"    : "update/update_4.0/application/views/backend/user/application_details.php",
          "update_directory"  : "application/views/backend/user/application_details.php"
      },
      {
          "root_directory"    : "update/update_4.0/application/views/backend/user/application_form.php",
          "update_directory"  : "application/views/backend/user/application_form.php"
      },
      {
          "root_directory"    : "update/update_4.0/application/views/backend/user/application_list.php",
          "update_directory"  : "application/views/backend/user/application_list.php"
      },
      {
          "root_directory"    : "update/update_4.0/application/views/backend/user/become_an_instructor.php",
          "update_directory"  : "application/views/backend/user/become_an_instructor.php"
      },
      {
          "root_directory"    : "update/update_4.0/application/views/backend/user/dashboard-chart.php",
          "update_directory"  : "application/views/backend/user/dashboard-chart.php"
      },
      {
          "root_directory"    : "update/update_4.0/application/views/backend/user/dashboard.php",
          "update_directory"  : "application/views/backend/user/dashboard.php"
      },
      {
          "root_directory"    : "update/update_4.0/application/views/backend/user/document_type_lesson_add.php",
          "update_directory"  : "application/views/backend/user/document_type_lesson_add.php"
      },
      {
          "root_directory"    : "update/update_4.0/application/views/backend/user/document_type_lesson_edit.php",
          "update_directory"  : "application/views/backend/user/document_type_lesson_edit.php"
      },
      {
          "root_directory"    : "update/update_4.0/application/views/backend/user/html5_type_lesson_add.php",
          "update_directory"  : "application/views/backend/user/html5_type_lesson_add.php"
      },
      {
          "root_directory"    : "update/update_4.0/application/views/backend/user/html5_type_lesson_edit.php",
          "update_directory"  : "application/views/backend/user/html5_type_lesson_edit.php"
      },
      {
          "root_directory"    : "update/update_4.0/application/views/backend/user/iframe_type_lesson_add.php",
          "update_directory"  : "application/views/backend/user/iframe_type_lesson_add.php"
      },
      {
          "root_directory"    : "update/update_4.0/application/views/backend/user/iframe_type_lesson_edit.php",
          "update_directory"  : "application/views/backend/user/iframe_type_lesson_edit.php"
      },
      {
          "root_directory"    : "update/update_4.0/application/views/backend/user/image_type_lesson_add.php",
          "update_directory"  : "application/views/backend/user/image_type_lesson_add.php"
      },
      {
          "root_directory"    : "update/update_4.0/application/views/backend/user/image_type_lesson_edit.php",
          "update_directory"  : "application/views/backend/user/image_type_lesson_edit.php"
      },
      {
          "root_directory"    : "update/update_4.0/application/views/backend/user/lesson_types.php",
          "update_directory"  : "application/views/backend/user/lesson_types.php"
      },
      {
          "root_directory"    : "update/update_4.0/application/views/backend/user/payout_report.php",
          "update_directory"  : "application/views/backend/user/payout_report.php"
      },
      {
          "root_directory"    : "update/update_4.0/application/views/backend/user/request_withdrawal.php",
          "update_directory"  : "application/views/backend/user/request_withdrawal.php"
      },
      {
          "root_directory"    : "update/update_4.0/application/views/backend/user/sales_report.php",
          "update_directory"  : "application/views/backend/user/sales_report.php"
      },
      {
          "root_directory"    : "update/update_4.0/application/views/backend/user/video_type_lesson_add.php",
          "update_directory"  : "application/views/backend/user/video_type_lesson_add.php"
      },
      {
          "root_directory"    : "update/update_4.0/application/views/backend/user/video_type_lesson_edit.php",
          "update_directory"  : "application/views/backend/user/video_type_lesson_edit.php"
      },
      {
          "root_directory"    : "update/update_4.0/application/views/backend/user/vimeo_type_lesson_add.php",
          "update_directory"  : "application/views/backend/user/vimeo_type_lesson_add.php"
      },
      {
          "root_directory"    : "update/update_4.0/application/views/backend/user/vimeo_type_lesson_edit.php",
          "update_directory"  : "application/views/backend/user/vimeo_type_lesson_edit.php"
      },
      {
          "root_directory"    : "update/update_4.0/application/views/backend/user/youtube_type_lesson_add.php",
          "update_directory"  : "application/views/backend/user/youtube_type_lesson_add.php"
      },
      {
          "root_directory"    : "update/update_4.0/application/views/backend/user/youtube_type_lesson_edit.php",
          "update_directory"  : "application/views/backend/user/youtube_type_lesson_edit.php"
      },
      {
          "root_directory"    : "update/update_4.0/application/views/email/template.php",
          "update_directory"  : "application/views/email/template.php"
      },
      {
          "root_directory"    : "update/update_4.0/uploads/lesson_files/videos/index.html",
          "update_directory"  : "uploads/lesson_files/videos/index.html"
      },
      {
          "root_directory"    : "update/update_4.0/assets/backend/js/custom.js",
          "update_directory"  : "assets/backend/js/custom.js"
      },
      {
          "root_directory"    : "update/update_4.0/assets/frontend/default/css/main.css",
          "update_directory"  : "assets/frontend/default/css/main.css"
      }
    ]
  }
